{"monero": 99.9231285922278, "zcash": 0.03284395095630479, "litecoin": 0.04402745681589921}